new order of the list,old oder of the list,new code,TSG_ML General- Code Guidance on Monitoring 2013,level 1 Materials,new code,level 2 code,TSG_ML General- Code Guidance on Monitoring 2013,"level 2
use",new code,level 3 code,TSG_ML General- Code Guidance on Monitoring 2013,"level 3
general type",new code,level 4 code,TSG_ML General- Code Guidance on Monitoring 2013,"level 4
type",new code,level 5 code,TSG_ML General- Code Guidance on Monitoring 2013,"level 5 
specific type",new code,size class code,TSG_ML General- Code Guidance on Monitoring 2013,size classes,new code,2nd size class code,TSG_ML General- Code Guidance on Monitoring 2013,size classes 2nd level,DEFINITION,"level 6 
Single Use Items, Sanitary Items and Fishing Gear according to the EU-Directive
Brackets ( ) mean not yet certain that this litter type is considered under the directive",OSPAR- Code,UNEP- Code,MEDITS,ICES,,code for highest level,
1,103,pl_,,Artificial polymer materials,ag_,pl_ag_,,agriculture,cw_,pl_ag_cw_,G89,Plastic construction waste,cwa_,pl_ag_cw_cwa_,,plastic construction waste from agriculture,irg_,pl_ag_cw_cwa_irg_,,Plastic irrigation pipes,,,,,,,,,"Plastic irrigation pipes from agriculture generated during construction, renovation, and demolition",,48,PL24,not listed,A14,,pl_ag_cw_cwa_irg_,
2,104,pl_,,Artificial polymer materials,ag_,pl_ag_,,agriculture,cw_,pl_ag_cw_,G89,Plastic construction waste,cwa_,pl_ag_cw_cwa_,,plastic construction waste from agriculture,oag_,pl_ag_cw_cwa_oag_,,Other plastic items ,,,,,,,,,"Other plastic items from agriculture generated during  construction, renovation, and demolition",,48,PL24,,A14,,pl_ag_cw_cwa_oag_,
3,102,pl_,,Artificial polymer materials,ag_,pl_ag_,,agriculture,cw_,pl_ag_cw_,G89,Plastic construction waste,sh_,pl_ag_cw_sh_,,"Sheets, industrial packaging, plastic sheeting",gsh_,pl_ag_cw_sh_gsh_,,Plastic sheeting from greenhouses,,,,,,,,,"Plastic sheeting used to cover greenhouses generated during the construction, renovation, and demolition

This category is possibly only separable from other plastic sheeting by experienced workers ",,48,PL16,not listed,A2,,pl_ag_cw_sh_gsh_,
4,2,pl_,,Artificial polymer materials,ag_,pl_ag_,,agriculture,fp_,pl_ag_fp_,G90,Plastic containers for plants,fty_,pl_ag_fp_fty_,,Foamed plastic trays for seedlings,,,,,,,,,,,,,A foamed plastic tray in which seedlings are grown,,48,FP05,L1j,A14,,pl_ag_fp_fty_,
5,1,pl_,,Artificial polymer materials,ag_,pl_ag_,,agriculture,fp_,pl_ag_fp_,G90,Plastic containers for plants,fpot_,pl_ag_fp_fpot_,,Plastic flower pots,,,,,,,,,,,,,A plastic container in which plants are grown.,,48,PL24,L1j,A14,,pl_ag_fp_fpot_,
6,3,pl_,,Artificial polymer materials,aq_,pl_aq_,,aquaculture,sf_,pl_aq_sf_,,equipment for holding or protecting shellfish,sac_,pl_aq_sf_sac_,G45,"Plastic Mussels/oyster mesh bags,  net sack, socks",,,,,,,,,,,,,"A special bag or sack made out of extruded net which is used for growing (underwater) and packing mussels, oysters and other shellfish species. These bags can have different sizes and shapes e.g. sack-like and tubular and the mesh net can have different thicknesses.",Fishing Gear,28,PL15,L1j,A14,,pl_aq_sf_sac_,G45
7,4,pl_,,Artificial polymer materials,aq_,pl_aq_,,aquaculture,sf_,pl_aq_sf_,,equipment for holding or protecting shellfish,oys_,pl_aq_sf_oys_,G46,Plastic Oyster trays ,,,,,,,,,,,,,"A special tray made out of square mesh used for growing oysters. Trays may be single, double or triple stacked, with or without feet, doors, v-braces and hooks.",Fishing Gear,29,PL24,L1j,A14,,pl_aq_sf_oys_,G46
8,5,pl_,,Artificial polymer materials,aq_,pl_aq_,,aquaculture,sf_,pl_aq_sf_,,equipment for holding or protecting shellfish,tah_,pl_aq_sf_tah_,G47,Plastic sheeting from mussel culture (Tahitians),,,,,,,,,,,,,Pieces of plastic sheeting about 50X40 cm which are cut at one end into fringes or stripes so they look a little like a grass skirt from Hawaii. They are used to protect mussel cultures from animals that feed on mussels.,Fishing Gear,30,PL24,L1j,A14,,pl_aq_sf_tah_,G47
9,6,pl_,,Artificial polymer materials,cl_,pl_cl_,G135,"Clothing (clothes, footware, headware, gloves)",fw_,pl_cl_fw_,,Footwear,ss_,pl_cl_fw_ss_,G71,Shoes/sandals/flipflops,flp_,pl_cl_fw_ss_flp_,G102,Flip-flops,,,,,,,,,"A light sandal made of plastic, with a thong between the big and second toe.",,44,"RB02
footwear including flipflops",L1j,F2,,pl_cl_fw_ss_flp_,G102
10,7,pl_,,Artificial polymer materials,cl_,pl_cl_,G135,"Clothing (clothes, footware, headware, gloves)",fw_,pl_cl_fw_,,Footwear,ss_,pl_cl_fw_ss_,G71,Shoes/sandals/flipflops,sho_,pl_cl_fw_ss_sho_,,Shoes and sandals made of artificial polymer materials - not flip-flops,,,,,,,,,Items of footwear made of artificial polymers - not flip flops,,44,CL01,L1j,F2,,pl_cl_fw_ss_sho_,
11,9,pl_,,Artificial polymer materials,cl_,pl_cl_,G135,"Clothing (clothes, footware, headware, gloves)",gl_,pl_cl_gl_,G39,Gloves,hgl_,pl_cl_gl_hgl_,G40,"Gloves (household/dishwashing, gardening)",,,,,,,,,,,,,"Gloves used to do household chores such as dishwashing gardening, etc. They are typically made out of different polymers including latex, nitrile rubber, polyvinyl chloride. Less heavy-duty than industrial gloves.",,25,PL09,L1j,C5,,pl_cl_gl_hgl_,
12,8,pl_,,Artificial polymer materials,cl_,pl_cl_,G135,"Clothing (clothes, footware, headware, gloves)",gl_,pl_cl_gl_,G39,Gloves,igl_,pl_cl_gl_igl_,G41,Gloves (industrial/professional applications),,,,,,,,,,,,,"Gloves specifically dedicated to industrial applications, mechanical, engineering, agriculture, fisheries and aquaculture and construction. They are typically made out of different polymers including latex, nitrile rubber, polyvinyl chloride and neoprene. More heavy-duty than household gloves.",,113,RB03,L1j,C5,,pl_cl_gl_igl_,
13,10,pl_,,Artificial polymer materials,cl_,pl_cl_,G135,"Clothing (clothes, footware, headware, gloves)",hw_,pl_cl_hw_,,Headwear,hlm_,pl_cl_hw_hlm_,G69,Plastic Hard hats/Helmets,,,,,,,,,,,,,"A hard or padded protective hat, various types of which are worn by construction workers, workers from offshore installations, soldiers, police officers, motorcyclists, sports players, and others.",,42,PL24,L1j,A14,,pl_cl_hw_hlm_,
14,11,pl_,,Artificial polymer materials,co_,pl_co_,,construction related,cw_,pl_co_cw_,G89,Plastic construction waste,notag_,pl_co_cw_notag_,,plastic construction waste other than from agriculture,,,,,,,,,,,,,"Plastic waste materials generated during the construction, renovation, and demolition of buildings or structures. These may include drainage pipes, waste pipes, plastic tubes for cables, , construction foam, etc.

Not foamed insulation materials",,48,PL24,L1j,A14,,pl_co_cw_notag_,
15,12,pl_,,Artificial polymer materials,fi_,pl_fi_,,fishing related,ba_,pl_fi_ba_,G92,Bait containers/packaging,,pl_fi_ba_,,,,,,,,,,,,,,,"Plastic packaging (pouches, bags) and plastic containers suitable for storing, transporting, selling fishing baits. ",(Fishing Gear),48,PL17,L1h,A14,,pl_fi_ba_,
16,14,pl_,,Artificial polymer materials,fi_,pl_fi_,,fishing related,box_,pl_fi_box_,,Fish boxes,fbox_,pl_fi_box_fbox_,G58,Fish boxes - foamed polystyrene,,,,,,,,,,,,,"Boxes made out of foamed polystyrene, which are used for packaging fish or other seafood.",(Fishing Gear),34,FP05,L1h,A11,,pl_fi_box_fbox_,
17,15,pl_,,Artificial polymer materials,fi_,pl_fi_,,fishing related,box_,pl_fi_box_,,Fish boxes,plbx_,pl_fi_box_plbx_,G57,Fish boxes - plastic,,,,,,,,,,,,,"Boxes made out of plastic materials (other than expanded polystyrene), which are used for packaging fish or other seafood.",(Fishing Gear),34,PL17,L1h,A11,,pl_fi_box_plbx_,
18,16,pl_,,Artificial polymer materials,fi_,pl_fi_,,fishing related,li_,pl_fi_li_,G59,Fishing line,,pl_fi_li_,,,,,,,,,,,,,,,"A long nylon thread, usually attached to a baited hook, with a sinker or float, and used for catching fish. The fishing line may be found tangled or not and with or without hooks, sinkers  and floats. ",Fishing Gear,35,PL18,L1g,A5,,pl_fi_li_,
19,18,pl_,,Artificial polymer materials,fi_,pl_fi_,,fishing related,fb_,pl_fi_fb_,,Floats/Buoys,flo_,pl_fi_fb_flo_,G62,Plastic Floats for fishing nets,,,,,,,,,,,,,"An item attached to the top of some types of fishing nets, like seine and trammel that keeps them hanging vertically in the water. Floats come in different sizes and shapes.",Fishing Gear,37,PL14,L1h,A14,,pl_fi_fb_flo_,
20,20,pl_,,Artificial polymer materials,fi_,pl_fi_,,fishing related,ne_,pl_fi_ne_,G52,Nets and pieces of net ,tn_,pl_fi_ne_tn_,G56,Tangled nets/cord,tdr_,pl_fi_ne_tn_tdr_,,Tangled dolly rope,,,,,,,,,"Tangles of a blue, black or orange rope that are used to protect bottom trawling nets against wear and tear. A dolly rope consists of around 30 strings; each string has around 25 threads. The dolly rope string as well as the separated threads can occur in tangles in the marine environment. Tangles of dolly rope should consist entirely of dolly rope.",Fishing Gear,33,PL20,L1f,A8,,pl_fi_ne_tn_tdr_,
21,21,pl_,,Artificial polymer materials,fi_,pl_fi_,,fishing related,ne_,pl_fi_ne_,G52,Nets and pieces of net ,tn_,pl_fi_ne_tn_,G56,Tangled nets/cord,mix_,pl_fi_ne_tn_mix_,,Tangled nets and rope without dolly rope or mixed with dolly rope,,,,,,,,,"Tangled pieces of plastic open-meshed material made of twine, cord, or something similar, used typically for catching fish. They may be found tangled with rope or dolly rope.",Fishing Gear,33,PL20,L1f,A8,,pl_fi_ne_tn_mix_,
22,22,pl_,,Artificial polymer materials,fi_,pl_fi_,,fishing related,ne_,pl_fi_ne_,G52,Nets and pieces of net ,,pl_fi_ne_,,,,pl_fi_ne_,,,<50_,pl_fi_ne_<50_,G53,Nets and pieces of net < 50 cm,,,,,"Pieces of plastic open-meshed material made of twine, cord, or something similar, used typically for catching fish; smaller than 50 cm in the longest dimension.",Fishing Gear,115,PL20,L1f,A8,,pl_fi_ne_<50_,
23,23,pl_,,Artificial polymer materials,fi_,pl_fi_,,fishing related,ne_,pl_fi_ne_,G52,Nets and pieces of net ,,pl_fi_ne_,,,,pl_fi_ne_,,,>50_,pl_fi_ne_>50_,G54,Nets and pieces of net > 50 cm,,pl_fi_ne_>50_,,,"Pieces of plastic open-meshed material made of twine, cord, or something similar, used typically for catching fish; bigger than 50 cm in the longest dimension.",Fishing Gear,116,PL20,L1f,A8,,pl_fi_ne_>50_,
24,25,pl_,,Artificial polymer materials,fi_,pl_fi_,,fishing related,,pl_fi_,G61,"Other fishing related litter items (e.g. other than fish boxes, fishing line, nets, traps, pots, light sticks etc.)",,,,,,,,,,,,,,,,,"Other fishing related litter items that are not explicitly addressed by the fishing-related items included on this list e.g. soft and hard plastic baits such as wobblers, spinners etc.",Fishing Gear,48,PL17,L1h,A14,,pl_fi_,
25,13,pl_,,Artificial polymer materials,fi_,pl_fi_,,fishing related,trp_,pl_fi_trp_,G42,Plastic Crab/lobster traps (pots) and tops,,,,,,,,,,,,,,,,,"Stationary plastic traps or pots used to catch crustaceans such as lobsters and crabs. Though the size and shape of the traps may vary, most feature a net covering and a cone-shaped entrance tunnel through which a crab or lobster is enticed with bait, but cannot escape from.",Fishing Gear,26,PL17,L1h,A14,,pl_fi_trp_,
26,19,pl_,,Artificial polymer materials,fi_,pl_fi_,,fishing related,fil_,pl_fi_fil_,G60,Plastic Fishing light sticks / fishing glow sticks incl. packaging,,pl_fi_fil_,,,,pl_fi_fil_,,,,pl_fi_fil_,,,,pl_fi_fil_,,,An item that is used by anglers in order to make baits more attractive to fish. Fishing light sticks or glow sticks are typically tubes filled with fluorescent fluid. They can be found in a variety of sizes.,Fishing Gear,36,PL17,L1h,A14,,pl_fi_fil_,
27,24,pl_,,Artificial polymer materials,fi_,pl_fi_,,fishing related,pot_,pl_fi_pot_,G44,Plastic Octopus pots,,,,,,,,,,,,,,,,,"Pots made of plastic or PVC tubing, weighted with concrete, and typically having a volume of 4 litres. Octopus seeking refuge in the pots can be trapped.",Fishing Gear,27,PL17,L1h,A14,,pl_fi_pot_,
28,92,pl_,,Artificial polymer materials,fi_,pl_fi_,,fishing related,rps_,pl_fi_rps_,,"Rope, string, cord",stg_,pl_fi_rps_stg_,G50,String and cord (diameter less than 1cm),sdr_,pl_fi_rps_stg_sdr_,,String and filaments exclusively from Dolly ropes ,,,,,,,,,"Strings and filaments from blue, black or orange string that are used to protect bottom trawling nets against wear and tear. A dolly rope consists of around 30 strings; each string has around 25 threads.",Fishing Gear,32,PL20,L1i,A7,,pl_fi_rps_stg_sdr_,
29,27,pl_,,Artificial polymer materials,fc_,pl_fc_,,food consumption related non packaging,cps_,pl_fc_cps_,,Cups/Cutlery/plates/trays/straws/stirrers,cup_,pl_fc_cps_cup_,G33,Cups and cup lids,fcup_,pl_fc_cps_cup_fcup_,,Foamed polystyrene  cups and cup lids,,,,,,,,,"Single-use cups and their lids for coffee and other beverages; made out of  foamed polystyrene. They have a wide range of uses in restaurants, bakeries, or catering settings.",SUP,21,FP02,L1j,A14,perhaps as shown under cps_ as with paper,pl_fc_cps_cup_fcup_,
30,26,pl_,,Artificial polymer materials,fc_,pl_fc_,,food consumption related non packaging,cps_,pl_fc_cps_,,Cups/Cutlery/plates/trays/straws/stirrers,cup_,pl_fc_cps_cup_,G33,Cups and cup lids,pcp_,pl_fc_cps_cup_pcp_,,Hard plastic cups and lids,,,,,,,,,"Single-use cups and their lids for coffee and other beverages; made out of non-foamed artificial polymer materials. They have a wide range of uses in restaurants, bakeries, or catering settings.",SUP,21,PL24,L1j,A14,perhaps as shown under cps_ as with paper,pl_fc_cps_cup_pcp_,
31,28,pl_,,Artificial polymer materials,fc_,pl_fc_,,food consumption related non packaging,cps_,pl_fc_cps_,,Cups/Cutlery/plates/trays/straws/stirrers,cpt_,pl_fc_cps_cpt_,G34,"Cutlery, plates and trays",cut_,pl_fc_cps_cpt_cut_,,Plastic cutlery,,,,,,,,,"Single-use knives, forks, and spoons",SUP,22,PL04,L1j,A14,,pl_fc_cps_cpt_cut_,
32,29,pl_,,Artificial polymer materials,fc_,pl_fc_,,food consumption related non packaging,cps_,pl_fc_cps_,,Cups/Cutlery/plates/trays/straws/stirrers,cpt_,pl_fc_cps_cpt_,G34,"Cutlery, plates and trays",plt_,pl_fc_cps_cpt_plt_,,Plastic plates and trays,,,,,,,,,Single-use plates and trays,SUP,22,PL04,L1j,A14,,pl_fc_cps_cpt_plt_,
33,30,pl_,,Artificial polymer materials,fc_,pl_fc_,,food consumption related non packaging,cps_,pl_fc_cps_,,Cups/Cutlery/plates/trays/straws/stirrers,sts_,pl_fc_cps_sts_,G35,Straws and stirrers,sti_,pl_fc_cps_sts_sti_,,Plastic stirrers,,,,,,,,,Stirrers are used when serving hot drinks such as tea and coffee or other drinks such as cocktails,SUP,22,PL04,L1j,A14,,pl_fc_cps_sts_sti_,
34,31,pl_,,Artificial polymer materials,fc_,pl_fc_,,food consumption related non packaging,cps_,pl_fc_cps_,,Cups/Cutlery/plates/trays/straws/stirrers,sts_,pl_fc_cps_sts_,G35,Straws and stirrers,stw_,pl_fc_cps_sts_stw_,,Plastic straws,,,,,,,,,A drinking straw or drinking tube is a small pipe that allows its user to more conveniently consume a beverage.,SUP,22,PL04,L1j,A14,,pl_fc_cps_sts_stw_,
35,32,pl_,,Artificial polymer materials,hr_,pl_hr_,,hunting related,car_,pl_hr_car_,G70,Shotgun cartridges,,,,,,,,,,,,,,,,,"A shotgun cartridge is a self-contained cartridge often loaded with multiple metallic ""shot"", which are small, generally spherical projectiles. The shells consist of a plastic tube mounted on a brass base holding a primer. Also plastic wads from shotgun cartridges can be found on their own. ",,43,PL24,L1j,A14,,pl_hr_car_,
36,142,pl_,,Artificial polymer materials,med_,pl_med_,,medical related,omed_,pl_med_omed_,G211,"Other medical items (swabs, bandaging, adhesive plasters etc.) ",,,,,,,,,,,,,,,,,"Items deemed necessary for the treatment of an illness or injury. These may include swabs, bandaging, adhesive plasters, etc. 

Can be made of other materials than artificial polymers.",,105,OT05,L8 & L9,F3,,pl_med_omed_,
37,33,pl_,,Artificial polymer materials,med_,pl_med_,,medical related,pha_,pl_med_pha_,G100,Plastic Medical/ Pharmaceuticals containers/tubes/ packaging,,,,,,,,,,,,,,,,,"A wide variety of artificial polymer packages used for the packaging of the wide variety of pharmaceutical solids, liquids, and gasses. Some of the common primary plastic packages are: blister packs, small bottles and containers, tubes, ampoules, etc.",,103,PL24,L1j,A14,,pl_med_pha_,
38,34,pl_,,Artificial polymer materials,med_,pl_med_,,medical related,syg_,pl_med_syg_,G99,Syringes/needles,,,,,,,,,,,,,,,,,"A plastic tube with a nozzle and piston or bulb for sucking in and ejecting liquid in a thin stream, used for cleaning wounds or body cavities, or fitted with a hollow needle for injecting or withdrawing fluids.",,104,PL12,L1j,A14,,pl_med_syg_,
39,37,pl_,,Artificial polymer materials,pa_,pl_pa_,,packaging,bag_,pl_pa_bag_,G2,Bags,msh_,pl_pa_bag_msh_,G37,Mesh bags,veg_,pl_pa_bag_msh_veg_,,"Plastic mesh bags for vegetable, fruit and other products",,,,,,,,,"A special mesh bag made out of polypropylene, polyethylene or high-density polyethylene used for packaging and transporting agricultural products such as vegetables, fruit, bird feed etc.",,24,PL15,L1a,A14,,pl_pa_bag_msh_veg_,
40,35,pl_,,Artificial polymer materials,pa_,pl_pa_,,packaging,bag_,pl_pa_bag_,G2,Bags,dog_,pl_pa_bag_dog_,G101,Plastic Dog/pet faeces bag,,,,,,,,,,,,,A plastic bag used for picking up and removing the faeces of a dog or other pet.,,121,PL07,L1a,A14,,pl_pa_bag_dog_,
41,36,pl_,,Artificial polymer materials,pa_,pl_pa_,,packaging,bag_,pl_pa_bag_,G2,Bags,hdb_,pl_pa_bag_hdb_,G36,Plastic heavy-duty sacks,ohd_,pl_pa_bag_hdb_ohd_,,Other plastic heavy-duty sacks,,,,,,,,,"Heavy duty sacks are plastic sacks typically designed to contain more than 25 Kgr of content such as animal feed, fertilizers, garden rubbish, etc.",,23,PL07,L1a,A3,introduced level 5,pl_pa_bag_hdb_ohd_,
42,65,pl_,,Artificial polymer materials,pa_,pl_pa_,,packaging,bag_,pl_pa_bag_,,Bags,hdb_,pl_pa_bag_hdb_,G85,Plastic heavy-duty sacks,slt_,pl_pa_bag_hdb_slt_,,Commercial plastic salt packaging,,,,,,,,,Heavy-duty sacks and other containers used for packaging and shipping salt.,,48,PL24,L1j,A14,introduced level 4 improved description,pl_pa_bag_hdb_slt_,
43,38,pl_,,Artificial polymer materials,pa_,pl_pa_,,packaging,bag_,pl_pa_bag_,G2,Bags,lbg_,pl_pa_bag_lbg_,G3,Plastic Shopping/carrier/grocery bags ,,,,,,,,,,,,,"Shopping bags are medium-sized bags, typically around 10–20 litres in volume (though much larger versions exist, especially for non-grocery shopping), that are used by shoppers to carry home their purchases. Shopping bags can be made with a variety of plastics; polyethylene (LDPE, LLDPE, etc.) is the most common one. They usually have handles.",SUP,2,PL07,L1a,A3,,pl_pa_bag_lbg_,
44,39,pl_,,Artificial polymer materials,pa_,pl_pa_,,packaging,bag_,pl_pa_bag_,G2,Bags,sbg_,pl_pa_bag_sbg_,G4,Small plastic bags ,,,,,,,,,,,,,"Small plastic bags refer to small-sized bags such as freezer bags, zip-lock re-sealable food bags, poly bags, etc.",,3,PL07,L1a,A3,,pl_pa_bag_sbg_,
45,40,pl_,,Artificial polymer materials,pa_,pl_pa_,,packaging,bag_,pl_pa_bag_,G2,Bags,reb_,pl_pa_bag_reb_,G5,The part that remains from  tear-off plastic bags,,,,,,,,,,,,,"Plastic packing bags are commonly found on the market in packs of 10, 20, 50, etc. This litter item refers to the part that remains after tearing-off the bags.",,112,PL07,L1a,A3,,pl_pa_bag_reb_,
46,41,pl_,,Artificial polymer materials,pa_,pl_pa_,,packaging,bc_,pl_pa_bc_,G6,Bottles & containers,bdy_,pl_pa_bc_bdy_,,Body care and cosmetics bottles & containers,beach_,pl_pa_bc_bdy_beach_,G11,Plastic beach use related body care and cosmetic bottles and containers,,,,,,,,,"Bottles and containers of body care and cosmetics products used at the beach such as sun cream, suntan or after sun lotion, etc. ",,7,PL02,L1b,A1,,pl_pa_bc_bdy_beach_,
47,42,pl_,,Artificial polymer materials,pa_,pl_pa_,,packaging,bc_,pl_pa_bc_,G6,Bottles & containers,bdy_,pl_pa_bc_bdy_,,Body care and cosmetics bottles & containers,nonbdy_,pl_pa_bc_bdy_nonbdy_,G12,Plastic Non-beach use related body care and cosmetic bottles and containers ,,,,,,,,,"Bottles and containers of body care and cosmetics products  such as shampoo, shower gel, toothpaste, perfume and others that are not explicitly used at the beach.",,7,PL02,L1b,A1,,pl_pa_bc_bdy_nonbdy_,
48,44,pl_,,Artificial polymer materials,pa_,pl_pa_,,packaging,bc_,pl_pa_bc_,G6,Bottles & containers,dbt_,pl_pa_bc_dbt_,,Drink bottles,,pl_pa_bc_dbt_,,,<hl_,pl_pa_bc_dbt_<hl_,G7,Plastic Drink bottles  <=0.5l,,,,,"Plastic bottles and containers with a volume of 0.5 litres or less, used to hold water, juice or other beverages for consumption.",SUP,4,PL02,L1b,A1,,pl_pa_bc_dbt_<hl_,
49,45,pl_,,Artificial polymer materials,pa_,pl_pa_,,packaging,bc_,pl_pa_bc_,G6,Bottles & containers,dbt_,pl_pa_bc_dbt_,,Drink bottles,,pl_pa_bc_dbt_,,,>hl_,pl_pa_bc_dbt_>hl_,G8,Plastic Drink bottles  >0.5l,,,,,"Plastic bottles and containers with a volume larger than 0.5 litres, used to hold water, juice or other beverages for consumption.",SUP,4,PL02,L1b,A1,,pl_pa_bc_dbt_>hl_,
50,46,pl_,,Artificial polymer materials,pa_,pl_pa_,,packaging,bc_,pl_pa_bc_,G6,Bottles & containers,oil_,pl_pa_bc_oil_,,Engine oil bottles & containers,,pl_pa_bc_oil_,,,<50_,pl_pa_bc_oil_<50_,G14,Plastic Engine oil bottles & containers <50 cm,,,,,"Plastic bottles and containers smaller than 50 cm in any dimension, used for packaging motor oil, engine oil, or engine lubricant.",,8,Pl03,L1j,A11,,pl_pa_bc_oil_<50_,
51,47,pl_,,Artificial polymer materials,pa_,pl_pa_,,packaging,bc_,pl_pa_bc_,G6,Bottles & containers,oil_,pl_pa_bc_oil_,,Engine oil bottles & containers,,pl_pa_bc_oil_,,,>50_,pl_pa_bc_oil_>50_,G15,Plastic Engine oil bottles & containers >50 cm,,,,,"Plastic bottles and containers bigger than 50 cm in any dimension, used for packaging motor oil, engine oil, or engine lubricant.",,9,PL03,L1j,A11,,pl_pa_bc_oil_>50_,
52,48,pl_,,Artificial polymer materials,pa_,pl_pa_,,packaging,bc_,pl_pa_bc_,G6,Bottles & containers,foc_,pl_pa_bc_foc_,G10,Food containers,pfoc_,pl_pa_bc_foc_pfoc_,,Food containers made of hard non-foamed plastic ,,,,,,,,,"Plastic containers used for carrying or storing food, such as fast food containers, Tupperware, lunchboxes, etc.  Made of non-foamed plastic",SUP,6,PL06,L1c,A11,,pl_pa_bc_foc_pfoc_,
53,49,pl_,,Artificial polymer materials,pa_,pl_pa_,,packaging,bc_,pl_pa_bc_,G6,Bottles & containers,foc_,pl_pa_bc_foc_,G10,Food containers,ffd_,pl_pa_bc_foc_ffd_,,Food containers made of foamed polystyrene ,,,,,,,,,"Foamed polystyrene containers used for carrying or storing food, such as fast food containers, lunchboxes, etc.",SUP,6,FP02,L1c,A11,,pl_pa_bc_foc_ffd_,
54,52,pl_,,Artificial polymer materials,pa_,pl_pa_,,packaging,bc_,pl_pa_bc_,G6,Bottles & containers,obc_,pl_pa_bc_obc_,G13,Other plastic bottles & containers (drums),,,,,,,,,,,,,Other plastic bottles and containers such as drums (cylindrical containers) generally used for the transportation and storage of liquids and powders.,,12,PL02,L1b,A11,,pl_pa_bc_obc_,
55,43,pl_,,Artificial polymer materials,pa_,pl_pa_,,packaging,bc_,pl_pa_bc_,G6,Bottles & containers,cln_,pl_pa_bc_cln_,G9,Plastic bottles and containers of cleaning products,,,,,,,,,,,,,"Bottles and containers of cleaning products such as detergents, toilet cleaners, glass cleaners, etc.",,5,PL02,L1b,A1,,pl_pa_bc_cln_,
56,51,pl_,,Artificial polymer materials,pa_,pl_pa_,,packaging,bc_,pl_pa_bc_,G6,Bottles & containers,jer_,pl_pa_bc_jer_,G16,Plastic jerry cans ,,,,,,,,,,,,,"Large plastic flat-sided containers with a handle used for storing or transporting liquids, typically petrol or water.",,10,PL03,L1j,A11,,pl_pa_bc_jer_,
57,50,pl_,,Artificial polymer materials,pa_,pl_pa_,,packaging,bc_,pl_pa_bc_,G6,Bottles & containers,inj_,pl_pa_bc_inj_,G17,Plastis injection gun containers/cartridges,,,,,,,,,,,,,"A cartridge made out of plastic for devices that are used to inject grease, silicone, or other fluids.",,11,PL24,L1j,A11,,pl_pa_bc_inj_,
58,53,pl_,,Artificial polymer materials,pa_,pl_pa_,,packaging,cd_,pl_pa_cd_,G84,CDs & DVDs,,,,,,,,,,,,,,,,,Small plastic discs (and their keep cases) on which sound and data can be stored. ,,48,PL24,L1j,A14,,pl_pa_cd_,
59,54,pl_,,Artificial polymer materials,pa_,pl_pa_,,packaging,cp_,pl_pa_cp_,G38,Cover packaging,sh_,pl_pa_cp_sh_,G67,"Sheets, industrial packaging, plastic sheeting",,,,,,,,,,,,,"Large plastic packaging or sheeting used for the protection or covering/wrapping of large cargo objects. Plastic sheeting is used for a variety of industrial and commercial applications. It comes in many sizes, strengths, styles, and colours depending on the application.",,40,PL16,L1j,A14,,pl_pa_cp_sh_,
60,57,pl_,,Artificial polymer materials,pa_,pl_pa_,,packaging,wrp_,pl_pa_wrp_,,Food packets and wrappers,cwl_,pl_pa_wrp_cwl_,,Crisps packets/sweets wrappers/lolly & lollypop sticks,crp_,pl_pa_wrp_cwl_crp_,G30,Plastic Crisps packets/sweets wrappers,,,,,,,,,"Plastic food packets and wrappers created and designed in various colours, materials, shapes, sizes and styles for crisp food products (i.e. potato chips, etc.) or sweets (i.e. chocolates, candy, ice-creams, etc.).",SUP,19,PL24,L1j,A14,,pl_pa_wrp_cwl_crp_,
61,58,pl_,,Artificial polymer materials,pa_,pl_pa_,,packaging,wrp_,pl_pa_wrp_,,Food packets and wrappers,cwl_,pl_pa_wrp_cwl_,,Crisps packets/sweets wrappers/lolly & lollypop sticks,lol_,pl_pa_wrp_cwl_lol_,G31,Plastic lolly & icecream sticks,,,,,,,,,A plastic stick attached to the bottom of a popsicle/lolly/ice-cream or lollypop used as a handle to facilitate the eating process.,SUP,19,PL24,L1j,A14,,pl_pa_wrp_cwl_lol_,
62,64,pl_,,Artificial polymer materials,pa_,pl_pa_,,packaging,6pk_,pl_pa_6pk_,G1,4/6-pack yokes & six-pack rings,,,,,,,,,,,,,,,,,"Four or six pack rings or yokes are a set of connected plastic rings that are used in multi-packs of beverages, particularly of beverage cans, to hold the cans together",,1,PL05,L1j,A14,,pl_pa_6pk_,
63,59,pl_,,Artificial polymer materials,pa_,pl_pa_,,packaging,li_,pl_pa_li_,G20,Plastic caps and lids,dtg_,pl_pa_li_dtg_,G22,"Plastic caps/lids chemicals, detergents (non-food)",,,,,,,,,,,,,"Plastic caps and lids from bottles and containers of cleaning products (i.e. detergents, toilet cleaners, glass cleaners, etc.) and chemicals.",,15,PL01,L1j,A4,,pl_pa_li_dtg_,
64,60,pl_,,Artificial polymer materials,pa_,pl_pa_,,packaging,li_,pl_pa_li_,G20,Plastic caps and lids,drnk_,pl_pa_li_drnk_,G21,Plastic caps/lids drinks,,,,,,,,,,,,,"Plastic caps and lids from bottles and containers, used to hold water, juice or other beverages for consumption.",SUP,15,PL01,L1j,A4,,pl_pa_li_drnk_,
65,61,pl_,,Artificial polymer materials,pa_,pl_pa_,,packaging,li_,pl_pa_li_,G20,Plastic caps and lids,3_,pl_pa_li_3_,G23,Plastic caps/lids unidentified,,,,,,,,,,,,,Plastic caps and lids from unidentified bottles and containers.,,15,PL01,L1j,A4,,pl_pa_li_3_,
66,62,pl_,,Artificial polymer materials,pa_,pl_pa_,,packaging,li_,pl_pa_li_,G20,Plastic caps and lids,4_,pl_pa_li_4_,G24,Plastic rings from bottle caps/lids,,,,,,,,,,,,,"Plastic structures around the circumference (usually) of the closure that is often found attached below a closure in bottles, jars, and tubs. The bottom part of a cap that breaks off when the cap is screwed off.",SUP,15,PL01,L1j,A4,,pl_pa_li_4_,
67,55,pl_,,Artificial polymer materials,pa_,pl_pa_,,packaging,cr_,pl_pa_cr_,G18,"Plastic Crates, boxes, baskets",,,,,,,,,,,,,,,,,"Plastic containers typically used to transport or store different types of items and products, other than fisheries and aquaculture related.",,13,PL13,L1j,A11,,pl_pa_cr_,
68,63,pl_,,Artificial polymer materials,pa_,pl_pa_,,packaging,sb_,pl_pa_sb_,G66,Plastic strapping bands,,,,,,,,,,,,,,,,,Plastic bands and straps used for fastening any type of package. Polypropylene and polyester strapping is the most commonly used plastic strapping on the market. Usually made of quite hard plastic.,,39,PL21,L1i,A10,,pl_pa_sb_,
69,66,pl_,,Artificial polymer materials,pc_,pl_pc_,,personal hygiene and care,cbs_,pl_pc_cbs_,G95,Cotton bud sticks,pcb_,pl_pc_cbs_pcb_,,Plastic cotton bud sticks,,,,,,,,,,,,,"A short stick with a small amount of cotton on each end that is used for cleaning, especially the ears. The cotton is usually no-longer attached. The ends are rough when touched, where the cotton was attached. This feature can be used to separate from lolly sticks.",Sanitary,98,OT02,L5d,A14,,pl_pc_cbs_pcb_,
70,143,pl_,,Artificial polymer materials,pc_,pl_pc_,,personal hygiene and care,opc_,pl_pc_opc_,,Other personal hygiene and care items,,,,,,,,,,,,,,,,,"Other identifiable personal hygiene and care items that do not fit in any other category of this list. 

Can be made of other materials than artificial polymers.",Sanitary,102,OT02,L5d,F3,,pl_pc_opc_,
71,67,pl_,,Artificial polymer materials,pc_,pl_pc_,,personal hygiene and care,dap_,pl_pc_dap_,G98,Plastic Diapers/nappies,,,,,,,,,,,,,,,,,"Basic garments for infants consisting of absorbent synthetic polymer material drawn up between the legs and fastened about the waist, used to retain urine and faeces.",,102,PL24,L5d,A12,,pl_pc_dap_,
72,68,pl_,,Artificial polymer materials,pc_,pl_pc_,,personal hygiene and care,stt_,pl_pc_stt_,,"Sanitary towels/panty liners/backing strips, Tampons and tampon applicators",sat_,pl_pc_stt_sat_,G96,Sanitary towels/panty liners/backing strips,,,,,,,,,,,,,Absorbent pads worn by women to absorb menstrual blood.,Sanitary,99,PL24,L5d,A13,,pl_pc_stt_sat_,
73,69,pl_,,Artificial polymer materials,pc_,pl_pc_,,personal hygiene and care,stt_,pl_pc_stt_,,"Sanitary towels/panty liners/backing strips, Tampons and tampon applicators",tmp_,pl_pc_stt_tmp_,G144,Tampons and tampon applicators,,,,,,,,,,,,,A feminine hygiene product designed to absorb the menstrual flow or a plug of material used to stop a wound or block an opening in the body and absorb blood or secretions. The tampon applicator should be recorded within this category. ,Sanitary,100,OT02,L5d,F3,,pl_pc_stt_tmp_,
74,70,pl_,,Artificial polymer materials,pc_,pl_pc_,,personal hygiene and care,tf_,pl_pc_tf_,G97,Toilet fresheners,,,,,,,,,,,,,,,,,"Toilet bowl fresheners, which are attached inside the toilet bowl to keep it smelling fresh.",,101,PL24,L5d,A14,,pl_pc_tf_,
75,71,pl_,,Artificial polymer materials,pc_,pl_pc_,,personal hygiene and care,ww_,pl_pc_ww_,,Wet wipes,,,,,,,,,,,,,,,,,"A small disposable synthetic cloth treated with a cleansing agent, used especially for personal hygiene.",Sanitary,102,PL24,L5d,A14,,pl_pc_ww_,
76,72,pl_,,Artificial polymer materials,rec_,pl_rec_,,recreation related,div_,pl_rec_div_,G86,Fin trees (from fins for scuba diving),,,,,,,,,,,,,,,,,The plastic supports placed inside diving flippers or fins to keep them in shape.,,48,PL24,L1j,A14,,pl_rec_div_,
77,73,pl_,,Artificial polymer materials,rec_,pl_rec_,,recreation related,fm_,pl_rec_fm_,,Plastic remains of fireworks,,,,,,,,,,,,,,,,,"The plastic remains of fireworks such as caps of rockets, covers for fuses, exploding parts of battery fireworks.",,48,PL24,L1j,A14,,pl_rec_fm_,
78,74,pl_,,Artificial polymer materials,rec_,pl_rec_,,recreation related,toy_,pl_rec_toy_,G32,Toys and party poppers,,,,,,,,,,,,,,,,,"Any plastic object that children play with, as well as objects commonly used at parties. Party poppers are small devices used as an amusement at parties, which explode when a string is pulled, ejecting thin paper streamers.",,20,PL08,L1j,A14,,pl_rec_toy_,
79,75,pl_,,Artificial polymer materials,sew_,pl_sew_,,sewage/aquaculture,bio_,pl_sew_bio_,G91,Biomass holder from sewage treatment plants and aquaculture,,,,,,,,,,,,,,,,,Plastic Filter Media or Biofiltration Media are small (1-4 cm diameter ca. 1 cm high) usually round plastic items that look a bit like a cake. https://www.bing.com/images/search?q=Plastic+Filter+Media+or+Biofiltration+Media&FORM=HDRSC2,,48,PL24,L1j,A14,,pl_sew_bio_,
80,76,pl_,,Artificial polymer materials,shr_,pl_shr_,,shipping related,fen_,pl_shr_fen_,G64,Fenders,,,,,,,,,,,,,,,,,Plastic cushions (such as foam rubber) placed between a boat and a dock or between two boats to lessen shock and prevent chafing.,,48,PL24,L1j,A14,,pl_shr_fen_,
81,90,pl_,,Artificial polymer materials,shr_,pl_shr_,,shipping related,rps_,pl_shr_rps_,,"Rope, string, cord",rop_,pl_shr_rps_rop_,G49,Rope (diameter more than 1cm),,,,,,,,,,,,,"A stout cord of strands of plastic fibres twisted or braided together, with a diameter larger than 1 cm.",,31,PL19,L1i,A7,changed level 2 from unidentified to shipping related,pl_shr_rps_rop_,
82,78,pl_,,Artificial polymer materials,smr_,pl_smr_,,smoking related,lht_,pl_smr_lht_,G26,Cigarette lighters,,,,,,,,,,,,,,,,,"Small objects that produce a flame, commonly used for lighting cigarettes or cigars.",,16,PL10,L1j,A14,,pl_smr_lht_,
83,79,pl_,,Artificial polymer materials,smr_,pl_smr_,,smoking related,tab_,pl_smr_tab_,G25,Tobacco pouches / plastic cigarette box packaging,,,,,,,,,,,,,,,,,"Plastic containers (pouches, boxes) used for cigarettes and tobacco.",,48,PL24,L1j,A14,,pl_smr_tab_,
84,77,pl_,,Artificial polymer materials,smr_,pl_smr_,,smoking related,but_,pl_smr_but_,G27,Tobacco products with filters (cigarette butts with filters),,,,,,,,,,,,,,,,,"A cigarette filter, also known as a filter tip, is a component of a cigarette, placed at the one tip of the cigarette in order to absorb vapours and accumulate particulate smoke components. The filter is commonly made from synthetic plastic cellulose.",SUP,64,PL11,L1j,A14,,pl_smr_but_,
85,80,pl_,,Artificial polymer materials,nn_,pl_nn_,,undefined,fib_,pl_nn_fib_,G68,Fibre glass items,,,,,,,,,,,,,,,,,"Items made of fibreglass, a common type of fibre-reinforced plastic using glass fibre. Examples of fibreglass items include water pipes, pods, domes, traffic lights, etc.",,41,PL22,L1j,A14,,pl_nn_fib_,
86,17,pl_,,Artificial polymer materials,nn_,pl_nn_,,undefined,fb_,pl_nn_fb_,,Floats/Buoys,buo_,pl_nn_fb_buo_,G63,Plastic Buoys,,,,,,,,,,,,,"Floating devices that serve as navigation marks, marking reefs or other hazards, mooring locations, fishing gear. They can be anchored (stationary) or allowed to drift with ocean currents.",,37,PL14,L1j,A14,,pl_nn_fb_buo_,
87,81,pl_,,Artificial polymer materials,nn_,pl_nn_,,undefined,fom_,pl_nn_fom_,G73,foamed plastic items and fragments not made of foamed polystyrene,nfp_,pl_nn_fom_nfp_,, other foamed plastic items and fragments not made of foamed polystyrene,,,,,,,,,,,,,"Items and fragments (other than packaging or insulation related) made out of foamed sponge-like plastic, such as mattresses, bathing sponges, etc.",,45,"FP01
foam sponge",L1j,A14,,pl_nn_fom_nfp_,FROM HERE
88,56,pl_,,Artificial polymer materials,nn_,pl_nn_,,undefined,fom_,pl_nn_fom_,G73,foamed plastic items and fragments not made of foamed polystyrene,pin_,pl_nn_fom_pin_,G74,Foamed plastic used for packaging and/or insulation,,,,,,,,,,,,,"Lightweight cellular foam (mainly foamed PU and PE materials ) used especially for insulation (i.e. in walls, roofs, and foundations as thermal insulation and water barrier) or as a packing material.",,45,FP04,L1j,A14,,pl_nn_fom_pin_,
89,82,pl_,,Artificial polymer materials,nn_,pl_nn_,,undefined,frg_,pl_nn_frg_,,fragments,pp_,pl_nn_frg_pp_,,Plastic/foamed polystyrene pieces,,pl_nn_frg_pp_,,,<2.5_,pl_nn_frg_pp_<2.5_,G75,Plastic/foamed polystyrene pieces < 2.5 cm,nf<2.5_,pl_nn_frg_pp_<2.5_nf<2.5_,G78,non-foamed plastic pieces < 2.5 cm,Fragments of plastic that are smaller than 2.5 cm in the longest dimension and originate from unidentifiable plastic non-foamed polystyrene items. ,,117,PL24,L1j,A14,,pl_nn_frg_pp_<2.5_nf<2.5_,
90,83,pl_,,Artificial polymer materials,nn_,pl_nn_,,undefined,frg_,pl_nn_frg_,,fragments,pp_,pl_nn_frg_pp_,,Plastic/foamed polystyrene pieces,,pl_nn_frg_pp_,,,<2.5_,pl_nn_frg_pp_<2.5_,G75,Plastic/foamed polystyrene pieces < 2.5 cm,fd<2.5__,pl_nn_frg_pp_<2.5_fd<2.5__,G81,foamed polystyrene pieces < 2.5 cm,Fragments of foamed polystyrene that are smaller than 2.5 cm in the longest dimension and originate from unidentifiable polystyrene items.,,117,FP04,L1j,A14,,pl_nn_frg_pp_<2.5_fd<2.5__,
91,84,pl_,,Artificial polymer materials,nn_,pl_nn_,,undefined,frg_,pl_nn_frg_,,fragments,pp_,pl_nn_frg_pp_,,Plastic/foamed polystyrene pieces,,pl_nn_frg_pp_,,,>50_,pl_nn_frg_pp_>50_,G77,Plastic/foamed polystyrene pieces > 50 cm,nf>50__,pl_nn_frg_pp_>50_nf>50__,G80,non-foamed plastic pieces > 50 cm,Fragments of plastic that are larger than 50 cm in the longest dimension and originate from unidentifiable plastic non-foamed polystyrene items.,,47,PL24,L1j,A14,,pl_nn_frg_pp_>50_nf>50__,
92,85,pl_,,Artificial polymer materials,nn_,pl_nn_,,undefined,frg_,pl_nn_frg_,,fragments,pp_,pl_nn_frg_pp_,,Plastic/foamed polystyrene pieces,,pl_nn_frg_pp_,,,>50_,pl_nn_frg_pp_>50_,G77,Plastic/foamed polystyrene pieces > 50 cm,fd>50_,pl_nn_frg_pp_>50_fd>50_,G83,foamed polystyrene pieces > 50 cm,Fragments of foamed polystyrene that are bigger than 50 cm in the longest dimension and originate from unidentifiable polystyrene items.,,47,"FP04
foamed plastic (insulation & packaging)
FP05
foamed plastic other",L1j,A14,,pl_nn_frg_pp_>50_fd>50_,
93,86,pl_,,Artificial polymer materials,nn_,pl_nn_,,undefined,frg_,pl_nn_frg_,,fragments,pp_,pl_nn_frg_pp_,,Plastic/foamed polystyrene pieces,,pl_nn_frg_pp_,,,<50_,pl_nn_frg_pp_<50_,G76,Plastic/foamed polystyrene pieces 2.5 cm > < 50cm,nf<50_,pl_nn_frg_pp_<50_nf<50_,G79,non-foamed plastic pieces 2.5 cm > < 50cm,Fragments of plastic that are bigger than 2.5 cm and smaller than 50 cm in the longest dimension and originate from unidentifiable plastic non-foamed polystyrene items. ,,46,PL24,L1j,A14,,pl_nn_frg_pp_<50_nf<50_,
94,87,pl_,,Artificial polymer materials,nn_,pl_nn_,,undefined,frg_,pl_nn_frg_,,fragments,pp_,pl_nn_frg_pp_,,Plastic/foamed polystyrene pieces,,pl_nn_frg_pp_,,,<50_,pl_nn_frg_pp_<50_,G76,Plastic/foamed polystyrene pieces 2.5 cm > < 50cm,fd<50_,pl_nn_frg_pp_<50_fd<50_,G82,foamed polystyrene pieces 2.5 cm > < 50cm,Fragments of foamed polystyrene that are bigger than 2.5 cm and smaller than 50 cm in the longest dimension and originate from unidentifiable polystyrene items.,,46,"FP04
foamed plastic (insulation & packaging)
FP05
foamed plastic other",L1j,A14,,pl_nn_frg_pp_<50_fd<50_,
95,88,pl_,,Artificial polymer materials,nn_,pl_nn_,,undefined,idp_,pl_nn_idp_,G124,Other plastic/foamed polystyrene items (identifiable),,pl_nn_idp_,,,nf_,pl_nn_idp_nf_,,"Items that are made of  non-foamed plastic, which are identifiable but do not fit in any other litter type category in this list. ",,,,,,,,,"Items that are made of non-foamed artificial polymers, which are identifiable but do not fit in any other litter type category in this list. ",,48,PL24,L1j,A14,,pl_nn_idp_nf_,
96,89,pl_,,Artificial polymer materials,nn_,pl_nn_,,undefined,idp_,pl_nn_idp_,G124,Other plastic/foamed polystyrene items (identifiable),,pl_nn_idp_,,,fd_,pl_nn_idp_fd_,,"Items that are made of  foamed polystyrene, which are identifiable but do not fit in any other litter type category in this list. ",,,,,,,,,"Items that are made of foamed polystyrene, which are identifiable but do not fit in any other litter type category in this list. ",,48,FP05,L1j,A14,,pl_nn_idp_fd_,
97,91,pl_,,Artificial polymer materials,nn_,pl_nn_,,undefined,rps_,pl_nn_rps_,,"Rope, string, cord",stg_,pl_nn_rps_stg_,G50,String and cord (diameter less than 1cm),notdr_,pl_nn_rps_stg_notdr_,,String and cord (diameter less than 1cm) not from dolly ropes or unidentified,,,,,,,,,"A material consisting of threads made of plastic twisted together to form a thin length, with a diameter smaller than 1 cm; excluding string and cord from dolly ropes.",,32,"CL04
Rope & String!",L1i,A7,,pl_nn_rps_stg_notdr_,
98,93,pl_,,Artificial polymer materials,ut_,pl_ut_,,utility items,buc_,pl_ut_buc_,G65,Buckets,,,,,,,,,,,,,,,,,A roughly cylindrical open container with a handle made of plastic and used to hold and carry liquids.,,38,PL03,L1j,A14,,pl_ut_buc_,
99,94,pl_,,Artificial polymer materials,ut_,pl_ut_,,utility items,cbt_,pl_ut_cbt_,G93,Cable ties,,,,,,,,,,,,,,,,,"A cable tie (also known as a wire tie, hose tie, steggel tie, zap strap or zip tie, and by the brand names Ty-Rap and Panduit strap) is a type of fastener, for holding items together, primarily electrical cables or wires.",,48,PL24,L1j,A14,,pl_ut_cbt_,
100,95,pl_,,Artificial polymer materials,ut_,pl_ut_,,utility items,com_,pl_ut_com_,G29,Combs/hair brushes/sunglasses,,,,,,,,,,,,,,,,,"Plastic items used for untangling or arranging the hair, as well as plastic glasses tinted to protect the eyes from sunlight or glare.",,18,PL24,L1j,A14,,pl_ut_com_,
101,96,pl_,,Artificial polymer materials,ut_,pl_ut_,,utility items,tap_,pl_ut_tap_,G87,Masking/duct/packing tape,,,,,,,,,,,,,,,,,"Different sorts of plastic adhesive tape: used in painting, to cover areas on which paint is not wanted (masking tape); strong cloth-backed waterproof adhesive tape (duct tape); box-sealing tape, parcel tape or packing tape used for closing or sealing corrugated fibreboard boxes.",,48,PL24,L1j,A14,,pl_ut_tap_,
102,144,pl_,,Artificial polymer materials,ut_,pl_ut_,,utility items,pai_,pl_ut_pai_,G166,Paint brushes,,,,,,,,,,,,,,,,,"A brush used for painting, typically consisting of bristles fastened into a wooden or plastic handle. 

Can be made of other materials than artificial polymers.",,73,OT05,L8 & L9,E1,,pl_ut_pai_,
103,97,pl_,,Artificial polymer materials,ut_,pl_ut_,,utility items,pen_,pl_ut_pen_,G28,Pens and pen lids,,,,,,,,,,,,,,,,,Any writing or drawing utensils made predominately from artificial polymer materials.,,17,PL24,L1j,A14,,pl_ut_pen_,
104,98,pl_,,Artificial polymer materials,ut_,pl_ut_,,utility items,tag_,pl_ut_tag_,G43,Tags (fishing and industry),,,,,,,,,,,,,,,,,Plastic tags used to mark fish and shellfish such as lobsters and plastic cargo seals (pull-tight) both usually with a serial number.,,114,PL24,L1j,A14,,pl_ut_tag_,
105,99,pl_,,Artificial polymer materials,ut_,pl_ut_,,utility items,tel_,pl_ut_tel_,G88,Telephone (incl. parts),,,,,,,,,,,,,,,,,Mobile phone devices and any other type of telephones.,,48,PL24,L1j,A14,,pl_ut_tel_,
106,100,pl_,,Artificial polymer materials,ut_,pl_ut_,,utility items,tfk_,pl_ut_tfk_,G72,Traffic cones,,,,,,,,,,,,,,,,,Plastic cone-shaped objects that are used to separate off or close sections of a road.,,48,PL24,L1j,A14,,pl_ut_tfk_,
107,145,pl_,,Artificial polymer materials,vhk_,pl_vhk_,,vehicle related,tyr_,pl_vhk_tyr_,,"Tyres, belts, inner tubes, wheels",whl_,pl_vhk_tyr_whl_,G130,Wheels,,,,,,,,,,,,,"A circular object that revolves on an axle and is fixed below a vehicle or other object to enable it to move easily over the ground. 

Can be made of other materials than artificial polymers.",,52,OT05,Lb2,C4,,pl_vhk_tyr_whl_,
108,101,pl_,,Artificial polymer materials,vhk_,pl_vhk_,,vehicle related,prt_,pl_vhk_prt_,G19,Vehicle parts,,,,,,,,,,,,,,,,,Any part of a car or other transport vehicle (i.e. boat) made of artificial polymer materials and fibre glass.,,14,PL24,L1j,A14,,pl_vhk_prt_,
109,105,ct_,,Cloth/textile,cl_,ct_cl_,G135,"Clothing (clothes, footware, headware, gloves)",clg_,ct_cl_clg_,G137,Clothing,,,,,,,,,,,,,,,,,Any type of clothes and garments made of artificial polymer materials. ,,54,CL01,L5a,F1,,ct_cl_clg_,
110,106,ct_,,Cloth/textile,cl_,ct_cl_,G135,"Clothing (clothes, footware, headware, gloves)",fw_,ct_cl_fw_,,Footwear,ss_,ct_cl_fw_ss_,G138,Shoes/sandals,,,,,,,,,,,,,Various types of footwear such as shoes and sandals made of leather and/or textile.,,57,CL01,L5a,F2,,ct_cl_fw_ss_,
111,107,ct_,,Cloth/textile,pa_,ct_pa_,,packaging,sa_,ct_pa_sa_,G140,Hessian sacks/packaging,,,,,,,,,,,,,,,,,"Sacks and other packaging items made of a strong, coarse fabric from hemp or jute (Hessian). ",,56,CL03,L8 & L9,F3,,ct_pa_sa_,
112,108,ct_,,Cloth/textile,rec_,ct_rec_,,recreation related,bps_,ct_rec_bps_,G139,Backpacks & textile bags,,,,,,,,,,,,,,,,,"Textile receptacles with an opening at the top, shoulder straps or a handle, used for carrying things.",,59,CL02,L8 & L9,F3,,ct_rec_bps_,
113,109,ct_,,Cloth/textile,nn_,ct_nn_,,undefined,tex_,ct_nn_tex_,G145,Other textiles,,,,,,,,,,,,,,,,,"Other textile items, including pieces of cloth, rags, etc. that are unidentifiable, as well as other identifiable cloth textile items, which do not fit in any other category of this list.",,59,CL06,L8 & L9,F3,,ct_nn_tex_,
114,110,ct_,,Cloth/textile,ut_,ct_ut_,,utility items,cpt_,ct_ut_cpt_,G141,Carpet & Furnishing,,,,,,,,,,,,,,,,,"Thick woven fabric used for covering the floor or other fabric used for furniture, fittings, and other decorative house accessories such as curtains.",,55,CL05,L5b,F3,,ct_ut_cpt_,
115,111,ct_,,Cloth/textile,ut_,ct_ut_,,utility items,sal_,ct_ut_sal_,G143,"Sails, canvas",,,,,,,,,,,,,,,,,"A heavy durable cloth made of cotton, hemp, or jute, used for sails, tents, etc.",,59,CL03,L8 & L9,F3,,ct_ut_sal_,
116,112,gc_,,Glass/ceramics,co_,gc_co_,,construction related,bt_,gc_co_bt_,G204,"Construction materials (bricks, tiles, cement)",,,,,,,,,,,,,,,,,"Any glass and ceramic material which is used for construction purposes such as brick, roof tiles, floor tiles, bricks, cement, etc. ",,94,GC01,L8 & L9,D4,,gc_co_bt_,
117,113,gc_,,Glass/ceramics,fi_,gc_fi_,,fishing related,pot_,gc_fi_pot_,G207,Octopus pots,,,,,,,,,,,,,,,,,"Pots made of pottery, weighted with concrete, and typically having a volume of 4 litres. Octopus seeking refuge in the pots can be trapped.",Fishing Gear,95,GC08,L8 & L9,D4,,gc_fi_pot_,
118,114,gc_,,Glass/ceramics,fc_,gc_fc_,,food consumption related non packaging,tab_,gc_fc_tab_,G203,Tableware ( plates/cups/glasses),,,,,,,,,,,,,,,,,"Glass or ceramic dishes or dishware used for serving food and dining,, plates, cups, glassware, serving dishes and other useful items for practical as well as decorative purposes.",,102,GC03,L8 & L9,D4,,gc_fc_tab_,
119,115,gc_,,Glass/ceramics,pa_,gc_pa_,,packaging,bc_,gc_pa_bc_,G200,Bottles & containers,bot_,gc_pa_bc_bot_,,Bottles,,,,,,,,,,,,,"Glass or ceramic containers with a narrow neck, used for storing drinks or other liquids. Includes pieces of glass that can be identified as coming from a bottle.",,91,GC02,L4a,D2,,gc_pa_bc_bot_,
120,116,gc_,,Glass/ceramics,pa_,gc_pa_,,packaging,bc_,gc_pa_bc_,G201,Bottles & containers,jar_,gc_pa_bc_jar_,,Jars ,,,,,,,,,,,,,"Wide-mouthed cylindrical containers made of glass or pottery, especially used for storing food. Includes pieces of glass that can be identified as coming from a jar.",,93,GC02,L8 & L9,D1,,gc_pa_bc_jar_,
121,117,gc_,,Glass/ceramics,nn_,gc_nn_,,undefined,occ_,gc_nn_occ_,,other ceramic/pottery items,,,,,,,,,,,,,,,,,"Other identifiable ceramic items, which do not fit in any other category of this list.",,96,GC08,L4c & L4d,D4,,gc_nn_occ_,
122,118,gc_,,Glass/ceramics,nn_,gc_nn_,,undefined,ogl_,gc_nn_ogl_,G210,Other glass items,,,,,,,,,,,,,,,,,"Other identifiable glass items, which do not fit in any other category of this list.",,93,GC08,L8 & L9,D4,,gc_nn_ogl_,
123,119,gc_,,Glass/ceramics,nn_,gc_nn_,,undefined,gf_,gc_nn_gf_,"G218
glass or ceramic fragments >2.5cm",pieces of glass,,,,,,,,,,,,,,,,,Fragments of pottery or glass items that cannot be identified.,,not listed,GC07,L4b,D3,,gc_nn_gf_,
124,120,gc_,,Glass/ceramics,ut_,gc_ut_,,utility items,lit_,gc_ut_lit_,,Light bulbs and fluorescent light tubes,fbu_,gc_ut_lit_fbu_,G205,fluorescent light tube,,,,,,,,,,,,,A low-pressure mercury-vapour gas-discharge lamp that uses fluorescence to produce visible light.,,92,GC05,L8 & L9,D4,,gc_ut_lit_fbu_,
125,121,gc_,,Glass/ceramics,ut_,gc_ut_,,utility items,lit_,gc_ut_lit_,,Light bulbs and fluorescent light tubes,lbu_,gc_ut_lit_lbu_,G202,Light bulbs,,,,,,,,,,,,,"A glass bulb inserted into a lamp or a socket in a ceiling, which provides light by passing an electric current through a filament or a pocket of inert gas. Includes all types, also halogen, LED etc.",,92,GC04,L8 & L9,D4,,gc_ut_lit_lbu_,
126,122,me_,,Metal,co_,me_co_,,construction related,cb_,me_co_cb_,G194,Cables,,,,,,,,,,,,,,,,,"A thick metal wire or a group of wires usually inside a rubber or plastic covering, which is used to carry electricity or electronic signals.",,89+90,ME10,L3e,B7,,me_co_cb_,
127,123,me_,,Metal,fi_,me_fi_,,fishing related,ws_,me_fi_ws_,G182,"Fishing related weights/sinkers, and lures",,,,,,,,,,,,,,,,,"Fishing related items such as: weights/sinkers (a metal weight used in conjunction with a fishing lure or hook to increase its rate of sink, anchoring ability, and/or casting distance); lures (any bright artificial bait consisting of metal mounted with hooks and trimmed with feathers)",Fishing Gear,80,ME07,L3f,B3,,me_fi_ws_,
128,124,me_,,Metal,fi_,me_fi_,,fishing related,pot_,me_fi_pot_,G184,Lobster/crab pots,,,,,,,,,,,,,,,,,A portable trap that traps lobsters or crayfish. It can be constructed of wire or metal and netting. An opening permits the lobster or crab to enter a tunnel of netting.,Fishing Gear,87,ME07,L3f,B3,,me_fi_pot_,
129,125,me_,,Metal,fc_,me_fc_,,food consumption related non packaging,tab_,me_fc_tab_,G181,"Tableware (e.g. plates, cups & cutlery)",,,,,,,,,,,,,,,,,"Metal dishes or dishware used for serving food and dining, including cutlery, plates, cups, serving dishes and other useful items.",,89,ME01,L8 & L9,B8,,me_fc_tab_,
130,126,me_,,Metal,in_,me_in_,,industry related,ins_,me_in_ins_,G186,Industrial scrap,,,,,,,,,,,,,,,,,"Metal resulting from the disuse of metal products such as parts of vehicles, building supplies, and surplus materials. ",,83,ME10,L3d,B8,,me_in_ins_,
131,127,me_,,Metal,pa_,me_pa_,,packaging,bc_,me_pa_bc_,,Bottles & containers,li_,me_pa_bc_li_,G178,"Bottle caps, lids & pull tabs from cans",,,,,,,,,,,,,"Metallic caps and lids from bottles and containers, including the pull tabs from cans.",,77,ME02,L3b,B8,,me_pa_bc_li_,
132,128,me_,,Metal,pa_,me_pa_,,packaging,bc_,me_pa_bc_,,Bottles & containers,ca_,me_pa_bc_ca_,,Cans,as_,me_pa_bc_ca_as_,G174,Aerosol/Spray cans ,,,,,,,,,"A type of dispensing system which creates an aerosol mist of liquid particles; used with a can or bottle that contains a payload and propellant under pressure. Indicative examples of such items are: spray paints, cleaning spray foam, engine oil spray, room odour spray, etc.",,76,"ME04
other cans <4L",L8 & L9,B8,,me_pa_bc_ca_as_,
133,129,me_,,Metal,pa_,me_pa_,,packaging,bc_,me_pa_bc_,,Bottles & containers,ca_,me_pa_bc_ca_,,Cans,be_,me_pa_bc_ca_be_,G175,Cans (beverage),,,,,,,,,"Metal containers that are used for storing and selling e.g. beer, or soft drinks.",,78,ME03,L3a,B1,,me_pa_bc_ca_be_,
134,130,me_,,Metal,pa_,me_pa_,,packaging,bc_,me_pa_bc_,,Bottles & containers,ca_,me_pa_bc_ca_,,Cans,fo_,me_pa_bc_ca_fo_,G176,Cans (food),,,,,,,,,"Metal containers that are used for storing and selling food such as beans, soup, fish, corn, etc.",,82,ME04,L3b,B2,,me_pa_bc_ca_fo_,
135,131,me_,,Metal,pa_,me_pa_,,packaging,bc_,me_pa_bc_,,Bottles & containers,ca_,me_pa_bc_ca_,,Cans,oc_,me_pa_bc_ca_oc_,G188,Other cans,,,,,,,,,Other metal containers that are used for storing and selling products that are not food or beverages or paints.,,89,ME04,L8 & L9,B8,,me_pa_bc_ca_oc_,
136,132,me_,,Metal,pa_,me_pa_,,packaging,bc_,me_pa_bc_,,Bottles & containers,ca_,me_pa_bc_ca_,,Cans,pt_,me_pa_bc_ca_pt_,G190,Paint tins,,me_pa_bc_ca_pt_,,,,me_pa_bc_ca_pt_,,,Metal containers that are used for paint.,,86,ME10,L3c,B8,,me_pa_bc_ca_pt_,
137,133,me_,,Metal,pa_,me_pa_,,packaging,bc_,me_pa_bc_,,Bottles & containers,ba_,me_pa_bc_ba_,G187,Drums & barrels,,,,,,,,,,,,,"Large cylindrical metal containers used for storing or shipping bulk cargo, i.e. oil, chemicals, etc.",,84,ME05,L3d,B4,,me_pa_bc_ba_,
138,134,me_,,Metal,pa_,me_pa_,,packaging,fo_,me_pa_fo_,G177,"Foil wrappers, aluminium foil",,,,,,,,,,,,,,,,,Thin aluminium sheeting or leaves used especially to cover and wrap food. ,,81,ME06,L3b,B8,,me_pa_fo_,
139,135,me_,,Metal,rec_,me_rec_,,recreation related,bbq_,me_rec_bbq_,G179,Disposable BBQs,,,,,,,,,,,,,,,,,A single-use barbecue grill made from a lightweight aluminium material.,,120,ME10,L8 & L9,B8,,me_rec_bbq_,
140,136,me_,,Metal,nn_,me_nn_,,undefined,ome_,me_nn_ome_,G197,Other metal objects,,,,,,,,,<50,me_nn_ome_<50,G198,Other metal pieces < 50 cm,,me_nn_ome_<50,,,Other identifiable metal items that are smaller than 50 cm in the longest dimension and do not fit in any other items category of this list.,,89,ME10,L8 & L9,B8,,me_nn_ome_<50,
141,137,me_,,Metal,nn_,me_nn_,,undefined,ome_,me_nn_ome_,G197,Other metal objects,,,,,,,,,>50,me_nn_ome_>50,G199,Other metal pieces > 50 cm,,me_nn_ome_>50,,,Other identifiable metal items that are bigger than 50 cm in the longest dimension and do not fit in any other items category of this list.,,90,ME10,L3d,B8,,me_nn_ome_>50,
142,138,me_,,Metal,nn_,me_nn_,,undefined,wir_,me_nn_wir_,G191,"Wire, wire mesh, barbed wire",,,,,,,,,,,,,,,,,"A metal mesh woven, knitted, welded, expanded, photo-chemically etched or electroformed steel or other (wire mesh); A metal wire with or without clusters of short, sharp spikes set at short intervals along it, used to make fences or in warfare as an obstruction (barbed and plain wire). ",,88,ME09,L8 & L9,B8,,me_nn_wir_,
143,139,me_,,Metal,ut_,me_ut_,,utility items,app_,me_ut_app_,G180,"Appliances (refrigerators, washers, etc.)",,,,,,,,,,,,,,,,,"Metallic (mostly electrical) devices or pieces of equipment designed to perform a specific task such as air conditioners, dishwashers, clothes dryers, freezers, refrigerators, kitchen stoves, water heaters, washing machines, trash compactors, microwave ovens, etc. ",,79,ME10,L3d,B5,,me_ut_app_,
144,140,me_,,Metal,ut_,me_ut_,,utility items,bat_,me_ut_bat_,G195,Household batteries,,,,,,,,,,,,,,,,,"Small-sized batteries that are typically used in small electronic devices such as flashlights, cameras, etc. ",,89,OT04,L8 & L9,B8,,me_ut_bat_,
145,141,me_,,Metal,vhk_,me_vhk_,,vehicle related,prt_,me_vhk_prt_,G193,Vehicle parts / batteries,,,,,,,,,,,,,,,,,"Any part of a car or other transport vehicle (i.e. boat) made predominantly of metal, including vehicle batteries. ",,89,ME10,L8 & L9,B6,,me_vhk_prt_,
146,146,pp_,G146,Paper/Cardboard,fc_,pp_fc_,,food consumption related non packaging,tab_,pp_fc_tab_,G153,"Cups, food  trays, food  wrappers,  drink containers",cup_,pp_fc_tab_cup_,,Cups,,,,,,,,,,,,,"Cups for coffee and other beverages; made out of cardboard. They have a wide range of uses in restaurants, bakeries, or catering settings.",,65,PC05,L7,E3,,pp_fc_tab_cup_,
147,147,pp_,G146,Paper/Cardboard,fc_,pp_fc_,,food consumption related non packaging,tab_,pp_fc_tab_,G153,"Cups, food trays, food  wrappers,  drink containers",try_,pp_fc_tab_try_,,"Food  trays, food wrappers, drink containers",,,,,,,,,,,,,"Single-use food trays, food wrappers and drink containers, made out of paper. ",,67,PC03,L7,E3,,pp_fc_tab_try_,
148,148,pp_,G146,Paper/Cardboard,pa_,pp_pa_,,packaging,pac_,pp_pa_pac_,G149,Paper packaging,box_,pp_pa_pac_box_,G148,Cardboard boxes,,,,,,,,,,,,,"A thick, stiff paper that is used to make boxes and models.",,61,PC02,L7,E3,,pp_pa_pac_box_,
149,149,pp_,G146,Paper/Cardboard,pa_,pp_pa_,,packaging,pac_,pp_pa_pac_,G149,Paper packaging,tet_,pp_pa_pac_tet_,,Cartons/Tetrapack,otp_,pp_pa_pac_tet_otp_,G151,Cartons/Tetrapack (non-milk),,,,,,,,,"Containers made out of carton with a plastic-lining used for food products, other than milk.",,62,PC03,L7,E3,,pp_pa_pac_tet_otp_,
150,150,pp_,G146,Paper/Cardboard,pa_,pp_pa_,,packaging,pac_,pp_pa_pac_,G149,Paper packaging,tet_,pp_pa_pac_tet_,,Cartons/Tetrapack,mlk_,pp_pa_pac_tet_mlk_,G150,Cartons/Tetrapack Milk,,,,,,,,,Containers made out of carton with a plastic-lining used for milk.,,118,PC03,L7,E3,,pp_pa_pac_tet_mlk_,
151,152,pp_,G146,Paper/Cardboard,pa_,pp_pa_,,packaging,pac_,pp_pa_pac_,G149,Paper packaging,bag_,pp_pa_pac_bag_,G147,Paper bags,,,,,,,,,,,,,"A small bag made of paper, commonly used as shopping bags, packaging, etc.",,60,PC03,L7,E3,,pp_pa_pac_bag_,
152,153,pp_,G146,Paper/Cardboard,pc_,pp_pc_,,personal hygiene and care,cbs_,pp_pc_cbs_,G95,Cotton bud sticks,ccb_,pp_pc_cbs_ccb_,,Paper/card cotton-bud-sticks,,,,,,,,,,,,,"A short paper stick with a small amount of cotton on each end that is used for cleaning, especially the ears.",,67,OT02,L5d,E3,,pp_pc_cbs_ccb_,
153,154,pp_,G146,Paper/Cardboard,rec_,pp_rec_,,recreation related,fm_,pp_rec_fm_,G155,Tubes and other pieces of fireworks,,,,,,,,,,,,,,,,,Small paper/cardboard containers/tubes filled with explosive chemicals that produce bright coloured light patterns or loud noises when they explode (fireworks).,,67,PC04,L7,E3,,pp_rec_fm_,
154,151,pp_,G146,Paper/Cardboard,smr_,pp_smr_,,smoking related,pac_,pp_smr_pac_,G149,Paper packaging,cig_,pp_smr_pac_cig_,G152,Cigarette packets,,,,,,,,,,,,,"A rectangular container made of paperboard, used as packaging for cigarettes. It may also include a plastic covering.",,63,PC03,L7,E3,,pp_smr_pac_cig_,
155,155,pp_,G146,Paper/Cardboard,nn_,pp_nn_,,undefined,frg_,pp_nn_frg_,G156,Fragments,paf_,pp_nn_frg_paf_,,Paper fragments,,,,,,,,,,,,,Fragments of paper items that cannot be identified.,,67,PC05,L7,E3,,pp_nn_frg_paf_,
156,156,pp_,G146,Paper/Cardboard,nn_,pp_nn_,,undefined,opp_,pp_nn_opp_,G158,Other paper items,,,,,,,,,,,,,,,,,"Other identifiable paper and cardboard items, which do not fit in any other category of this list.",,67,PC05,L7,E3,,pp_nn_opp_,
157,157,pp_,G146,Paper/Cardboard,ut_,pp_ut_,,utility items,new_,pp_ut_new_,G154,Newspapers & magazines,,,,,,,,,,,,,,,,,"Printed publications consisting of paper sheets and containing news, articles, advertisements.",,66,PC01,L7,E3,,pp_ut_new_,
158,158,wo_,G170,Processed/worked wood,fi_,wo_fi_,,fishing related,pot_,wo_fi_pot_,G163,Crab/lobster pots,,,,,,,,,,,,,,,,,Stationary wooden traps used to catch crustaceans such as lobsters and crabs. Usually covered in a net.,Fishing Gear,71,WD02,L6,E1,,wo_fi_pot_,
159,159,wo_,G170,Processed/worked wood,fi_,wo_fi_,,fishing related,box_,wo_fi_box_,G164,Fish boxes,,,,,,,,,,,,,,,,,"Boxes made out of wood, which are used for storing or transferring fish or other seafood.",(Fishing Gear),119,PL17,L6,E1,,wo_fi_box_,
160,160,wo_,G170,Processed/worked wood,fc_,wo_fc_,,food consumption related non packaging,ice_,wo_fc_ice_,G165,"Ice-cream sticks, chip forks, chopsticks, toothpicks",,,,,,,,,,,,,,,,,"Various wooden sticks, including sticks from ice-creams, small wooden forks from fast food suppliers (chip forks), tapered sticks of wood held together in one hand and used as eating utensils in Asian cousine (chopsticks), short pointed pieces of wood used for removing bits of food lodged between the teeth (toothpicks).",,72,WD03,L6,E1,,wo_fc_ice_,
161,161,wo_,G170,Processed/worked wood,pa_,wo_pa_,,packaging,crk_,wo_pa_crk_,G159,Corks,,,,,,,,,,,,,,,,,A bottle stopper made of cork or a similar material. Note that plastic corks should be recorded under plastic caps and lids.,,68,WD01,L6,E1,,wo_pa_crk_,
162,162,wo_,G170,Processed/worked wood,pa_,wo_pa_,,packaging,box_,wo_pa_box_,G162,"Crates, boxes, baskets",,,,,,,,,,,,,,,,,Wooden containers typically used to transport or store different types of items and products. Not fish boxes!,,70,"WD04
Processed timber and pallet crates",L6,E1,,wo_pa_box_,
163,163,wo_,G170,Processed/worked wood,pa_,wo_pa_,,packaging,pa_,wo_pa_pa_,G160,Pallets,,,,,,,,,,,,,,,,,A flat wooden structure that heavy goods are put onto so that they can be moved using a fork-lift truck.,,69,WD04,L6,E4,,wo_pa_pa_,
164,164,wo_,G170,Processed/worked wood,rec_,wo_rec_,,recreation related,fm_,wo_rec_fm_,G167,Fire matches & fireworks,,,,,,,,,,,,,,,,,A small thin piece of wood or cardboard tipped with flammable chemicals that catch fire with friction (match); a small container filled with explosive chemicals that produce bright coloured patterns or loud noises when they explode (fireworks).,,74,WD05,L6,E1,,wo_rec_fm_,
165,165,wo_,G170,Processed/worked wood,nn_,wo_nn_,,undefined,ow_,wo_nn_ow_,G173,Other wood,,,,,,,,,<50_,wo_nn_ow_<50_,G171,Other wood < 50 cm,,wo_nn_ow_<50_,,,"Other identifiable wooden items smaller than 50 cm in the longest dimension, which do not fit in any other category of this list, e.g. planks, boards, beams.",,74,WD06,L6,E1,,wo_nn_ow_<50_,
166,166,wo_,G170,Processed/worked wood,nn_,wo_nn_,,undefined,ow_,wo_nn_ow_,G173,Other wood,,,,,,,,,>50_,wo_nn_ow_>50_,G172,Other wood > 50 cm,,wo_nn_ow_>50_,,,"Other identifiable wooden items larger than 50 cm in the longest dimension, which do not fit in any other category of this list, e.g. planks, boards, beams.",,75,WD06,L6,E1,,wo_nn_ow_>50_,
167,167,ru_,,Rubber,cl_,ru_cl_,G135,"Clothing (clothes, footware, headware, gloves)",fw_,ru_cl_fw_,,Footwear,rb_,ru_cl_fw_rb_,G127,Rubber boots,,,,,,,,,,,,,A tall boot that is made out of rubber and that keeps the feet and lower legs dry.,,50,"RB02
footwear including flipflops",Lb2,C1,,ru_cl_fw_rb_,
168,168,ru_,,Rubber,pc_,ru_pc_,,personal hygiene and care,con_,ru_pc_con_,G133,Condoms (incl. packaging),,,,,,,,,,,,,,,,,"A thin rubber sheath, used during sexual intercourse as a contraceptive or as a protection against infection. Within this category also the packaging should be recorded. ",,97,RB07,Lb2,C6,,ru_pc_con_,
169,169,ru_,,Rubber,rec_,ru_rec_,,recreation related,bln_,ru_rec_bln_,G125,Balloons,,,,,,,,,,,,,,,,,"A small coloured rubber sack-like object which is inflated with air and then sealed at the neck, used as a child's toy or a decoration. Within this category any balloon ribbons, strings, plastic valves and balloon sticks that are or were attached to balloons should be recorded.",SUP,49,RB01,Lb2,C2,,ru_rec_bln_,
170,170,ru_,,Rubber,rec_,ru_rec_,,recreation related,bls_,ru_rec_bls_,G126,Balls,,,,,,,,,,,,,,,,,"A spherical toy ball, usually fairly small, made of elastic material which allows it to bounce against hard surfaces.",,53,RB01,Lb2,C6,,ru_rec_bls_,
171,171,ru_,,Rubber,nn_,ru_nn_,,undefined,,ru_nn_,G134,Other rubber pieces,,,,,,,,,,,,,,,,,"Other identifiable rubber pieces, which do not fit in any other category of this list.",,53,RB08,Lb2,C6,,ru_nn_,
172,172,ru_,,Rubber,,ru_,,utility items,,ru_,G131,"Rubber band (small, for kitchen/household/post use)",,,,,,,,,,,,,,,,,"A thin, flexible loop that is made of rubber and used to hold things together.",,53,RB06,Lb2,C6,,ru_,
173,173,ru_,,Rubber,,ru_,,vehicle related,,ru_,,"Tyres, belts, inner tubes, wheels",,,G129,Inner-tubes and rubber sheet,,,,,,,,,,,,,An inflatable usually ring-shaped rubber tube designed for use inside a pneumatic tire.,,53,RB05,Lb2,C6,,ru_,
174,174,ru_,,Rubber,,ru_,,vehicle related,,ru_,,"Tyres, belts, inner tubes, wheels",,,G129,Inner-tubes and rubber sheet,,,,,,,,,,,,,"Rubber sheeting made of rubber (or rubber-like artificial polymer). Rubber sheets are used for varied purposes e.g. flooring, under shower pans, drainage systems, as lining for water containers and in construction.",,53,RB05,Lb2,C6,,ru_,
175,175,ru_,,Rubber,,ru_,,vehicle related,,ru_,,"Tyres, belts, inner tubes, wheels",,,G128,Tyres and belts,,,,,,,,,,,,,"A rubber covering, typically inflated or surrounding an inflated inner tube, placed round a wheel to form a soft contact with the road (tyre); a continuous rubber band of material used in machinery for transferring motion from one wheel to another (belt).",,52,RB04,Lb2,C4,,ru_,
176,179,ch_,,Chemicals,nn_,ch_nn_,,undefined,drk_,ch_nn_drk_,,generally dark-coloured oil-like chemicals,grs_,ch_nn_drk_grs_,,Grease (only to be included after proof through chemical analysis),,,,,,,,,,,,,lubricating grease,,111,not listed,not listed,not listed,,ch_nn_drk_grs_,
177,177,ch_,,Chemicals,nn_,ch_nn_,,undefined,drk_,ch_nn_drk_,,generally dark-coloured oil-like chemicals,oiltar_,ch_nn_drk_oiltar_,,oil & tar (only to be included after proof through chemical analysis),oil_,ch_nn_drk_oiltar_oil_,,Oil (only to be included after proof through chemical analysis),,,,,,,,,"all types of oil usually found as viscous droplets or mats e.g. on a beach. This is usually the sludge that remains after centrifuging heavy fuel oil before use as fuel by ships. It can also be crude oil, from loss of cargo, as well as hydraulic oil. ",,111,not listed,not listed,not listed,,ch_nn_drk_oiltar_oil_,
178,178,ch_,,Chemicals,nn_,ch_nn_,,undefined,drk_,ch_nn_drk_,,generally dark-coloured oil-like chemicals,oiltar_,ch_nn_drk_oiltar_,,oil & tar (only to be included after proof through chemical analysis),tar_,ch_nn_drk_oiltar_tar_,,Tar (only to be included after proof through chemical analysis),,,,,,,,,"tar is the name for any oil that has been in the marine environment for such a length of time that the more volatile components have evaporated - usually more dry than oil, but there is a smooth transition between oil and tar",,111,not listed,not listed,not listed,,ch_nn_drk_oiltar_tar_,
179,180,ch_,,Chemicals,nn_,ch_nn_,,undefined,drk_,ch_nn_drk_,,generally dark-coloured oil-like chemicals,odrk_,ch_nn_drk_odrk_,,Other generally dark-coloured oil-like chemicals (only to be included after proof through chemical analysis),,,,,,,,,,,,,"Other generally dark-coloured oil-like chemicals includes e.g. Tall oil, also called ""liquid rosin""",,111,not listed,not listed,not listed,,ch_nn_drk_odrk_,
180,181,ch_,,Chemicals,nn_,ch_nn_,,undefined,drk_,ch_nn_drk_,,generally dark-coloured oil-like chemicals,uiddk_,ch_nn_drk_uiddk_,,unidentified generally dark-coloured oil-like chemicals i.e. no chemical analysis carried out,,,,,,,,,,,,,unidentified generally dark-coloured oil-like chemicals ,,111,not listed,not listed,not listed,,ch_nn_drk_uiddk_,
181,184,ch_,,Chemicals,nn_,ch_nn_,,undefined,lig_,ch_nn_lig_,,generally light-coloured paraffin-like chemicals,olig_,ch_nn_lig_olig_,,other generally light-coloured paraffin-like chemicals (only to be included after proof through chemical analysis),,,,,,,,,,,,,other generally light-coloured paraffin-like chemicals e.g. ethylene-oligomeres,,108-109-110,not listed,not listed,not listed,,ch_nn_lig_olig_,
182,182,ch_,,Chemicals,nn_,ch_nn_,,undefined,lig_,ch_nn_lig_,,generally light-coloured paraffin-like chemicals,pfw_,ch_nn_lig_pfw_,,Paraffin Wax (only to be included after proof through chemical analysis),,,,,,,,,,,,,"All types of paraffin wax, refined or less refined. ""Paraffin"" and ""wax"" are often used as synonyms for paraffin wax! Paraﬃn wax is always a mixture of n-alkanes and, depending on the degree of purity, various secondary components, which can vary greatly in their composition. It is by no means a sharply deﬁned composition of hydrocarbons. There is no one paraﬃn wax!",,108-109-110,not listed,not listed,not listed,,ch_nn_lig_pfw_,
183,185,ch_,,Chemicals,nn_,ch_nn_,,undefined,lig_,ch_nn_lig_,,generally light-coloured paraffin-like chemicals,uidlig_,ch_nn_lig_uidlig_,,unidentified generally light-coloured paraffin-like chemicals i.e. no chemical analysis carried out,,,,,,,,,,,,,Unidentified generally light-coloured paraffin-like chemicals,,108-109-110,not listed,not listed,not listed,,ch_nn_lig_uidlig_,
184,183,ch_,,Chemicals,nn_,ch_nn_,,undefined,lig_,ch_nn_lig_,,generally light-coloured paraffin-like chemicals,vegoil_,ch_nn_lig_vegoil_,,Vegetable oil (only to be included after proof through chemical analysis),,,,,,,,,,,,,"Vegetable oil, such as palm oil",,111,not listed,not listed,not listed,,ch_nn_lig_vegoil_,
185,186,ch_,,Chemicals,nn_,ch_nn_,,undefined,,ch_nn_,,unidentified chemicals,uidch_,ch_nn_uidch_,,unidentified chemicals i.e. no chemical analysis carried out,,,,,,,,,,,,,any unidentified chemicals,,111,not listed,not listed,not listed,,ch_nn_uidch_,
186,176,foo_,,Food waste,foo_,foo_foo_,,Food,,,,,,,,,,,,,,,,,,,,,all types of non-packaged food and food remains,,not listed,not listed,not listed,not listed,improved description,foo_foo_,
,"Authors: David Fleet, Thomais Vlachogianni, Georg Hanke, Francois Galgani, Sue Kinsey, Christos Ioakeimidis, Lorenza Babbini, Maria del Mar Chaves Montero, EMODNET, TG Marine Litter (a large number of members of the TG-ML made valuable contributions to the list)",,,,,,,,,,,,,,,,,,,,,,,,,,,,,,,,,,,,
,Version: 05. December 2019,,,,,,,,,,,,,,,,,,,,,,,,,,,,,,,,,,,,
